{"entropy_prior_gmm": 4.6051701859880925e-09, "entropy_Mean_gmm": 0.0021056002005934715, "entropy_z_nk_prior": 0.08030568835588352, "entropy_Mean_z_nk": 0.08966682936801731, "entropy_mixing_prior": 85.69175851611257, "entropy_Mean_mixing": 1.026532801529015}