,X,Y,Z,id,nugget
0,100.0,0.0,-825.0,67833398,1e-05
1,300.0,0.0,-811.7749903110855,67833398,1e-05
2,900.0,0.0,-825.0,67833398,1e-05
3,100.0,0.0,-844.9999999999999,25754603,1e-05
4,300.0,0.0,-855.5791690499964,25754603,1e-05
5,900.0,0.0,-844.9999999999999,25754603,1e-05
