{"weights": [0.5072191062960382, 0.29088638671478706, 0.20189450698917474], "means": [[-2.236252661577128, -0.5609002938634948, 0.06406907645270943, -0.24298890341015583, 0.04229222792895102, -0.078703666116759, -0.011161039746477393, 0.004076181834338758], [2.405199332338003, -1.5763624453431835, 0.2787630730514862, 0.3815529098503725, -0.06078252559754035, 0.09460908229880133, 0.019927683006345988, 0.00228128416683048], [1.7687905522018452, 3.5906847010180787, -0.5421569840317979, -0.057256166352000606, -0.0144136606415569, -0.0016639090749428144, 0.022244513271794074, 0.005948747422424831]], "cov": [[[2.7540063311847685, 0.6196077589170419, -0.1469366008998592, 0.8465789531812249, -0.007806838135890425, 0.47680123534591023, -0.19323850418238156, -0.15035015780904754], [0.6196077589170419, 0.17831055269589163, -0.05192719554510131, 0.2676334789211567, -0.04284717711308289, 0.11920456599399723, -0.062152609810043176, -0.04061814605150089], [-0.1469366008998592, -0.05192719554510131, 0.02785547032710825, -0.13315841731303782, 0.03285567176103773, -0.036127195916857105, 0.02651163845455913, 0.0021705466215588025], [0.8465789531812249, 0.2676334789211567, -0.13315841731303782, 0.764354795689378, -0.15807428822977318, 0.23582143132937164, -0.0816720411188281, -0.020910569617524452], [-0.007806838135890425, -0.04284717711308289, 0.03285567176103773, -0.15807428822977318, 0.07075652202572436, -0.01769495056290789, 0.012215005069688702, -0.01248498903575297], [0.47680123534591023, 0.11920456599399723, -0.036127195916857105, 0.23582143132937164, -0.01769495056290789, 0.11852871547696088, -0.03723759876613815, -0.03985266530560094], [-0.19323850418238156, -0.062152609810043176, 0.02651163845455913, -0.0816720411188281, 0.012215005069688702, -0.03723759876613815, 0.06278084822820196, 0.020029433258450743], [-0.15035015780904754, -0.04061814605150089, 0.0021705466215588025, -0.020910569617524452, -0.01248498903575297, -0.03985266530560094, 0.020029433258450743, 0.03357524597425957]], [[7.07444134352155, -2.4305626650392065, -0.010742665261134985, -1.490932619688815, 0.21484161942770708, -0.3954152446117016, -0.14307246166687226, -0.0443164147879191], [-2.4305626650392065, 3.9946490404655344, 1.7412806418357452, 0.5126294116881241, 0.12315785608089311, 0.09763480620178892, -0.008577254166138516, -0.015274408670733907], [-0.010742665261134985, 1.7412806418357452, 1.1076072711568627, -0.06125219472502409, 0.04847480543391754, -0.0005940498439530612, -0.0036138562377796475, 0.023129741974858578], [-1.490932619688815, 0.5126294116881241, -0.06125219472502409, 1.0266635892957143, 0.2985630337719957, -0.17191099466385384, 0.06411906610544137, -0.06171205208836853], [0.21484161942770708, 0.12315785608089311, 0.04847480543391754, 0.2985630337719957, 0.713931474708156, -0.012306811020224434, -0.1051848689816902, 0.028011663263032945], [-0.3954152446117016, 0.09763480620178892, -0.0005940498439530612, -0.17191099466385384, -0.012306811020224434, 0.2568598204299888, -0.055802676359622445, 0.039711899194456335], [-0.14307246166687226, -0.008577254166138516, -0.0036138562377796475, 0.06411906610544137, -0.1051848689816902, -0.055802676359622445, 0.07919853947942641, 0.014088327250186399], [-0.0443164147879191, -0.015274408670733907, 0.023129741974858578, -0.06171205208836853, 0.028011663263032945, 0.039711899194456335, 0.014088327250186399, 0.16440694681083837]], [[0.1081368073742516, -0.10652479455806481, 0.28432013330930017, 0.050932508024369716, 0.08930043636359306, 0.003305562978868452, 0.012426657865355776, 0.014240134323116348], [-0.10652479455806481, 0.3174666189886767, 0.18594314991477115, -0.07038343571523477, -0.11856522304229235, -0.003624568661342254, -0.00047922610821466013, 0.012784509915263418], [0.28432013330930017, 0.18594314991477115, 3.6219798876312477, 0.13835526692734068, -0.13756322240109725, -0.009067295479103446, -0.028497593183776142, -0.014137485930771904], [0.050932508024369716, -0.07038343571523477, 0.13835526692734068, 0.08991189890430652, -0.003666598191487826, -0.015190165716776165, -0.05980715396405246, 0.010341650206463963], [0.08930043636359306, -0.11856522304229235, -0.13756322240109725, -0.003666598191487826, 0.23066044698758612, 0.06328461063948314, 0.12975284553093358, -0.00434674287477792], [0.003305562978868452, -0.003624568661342254, -0.009067295479103446, -0.015190165716776165, 0.06328461063948314, 0.049127232877622794, 0.08559702287934458, -0.027528367677819462], [0.012426657865355776, -0.00047922610821466013, -0.028497593183776142, -0.05980715396405246, 0.12975284553093358, 0.08559702287934458, 0.21339409334428816, -0.04493040819522175], [0.014240134323116348, 0.012784509915263418, -0.014137485930771904, 0.010341650206463963, -0.00434674287477792, -0.027528367677819462, -0.04493040819522175, 0.03841766135813211]]]}