{"MAP index": 633, "entropy_prior_gmm": 0.0003437283915380285, "entropy_MAP_gmm": 0.007286718115210533, "entropy_z_nk_prior": 0.0012788791422551772, "entropy_MAP_z_nk": 0.0008816951717650865, "entropy_mixing_prior": 88.99072030499339, "entropy_MAP_mixing": 1.7135438845752975}