{"weights": [0.17114078583779588, 0.16779274602319966, 0.3019982060009417, 0.12417023516901657, 0.15435776281950947, 0.08054026414953668], "means": [[8.084423698398444, -0.7450322868410504, 0.37501193664412014], [-4.105031135276914, -0.5217468328932855, 0.18254340829018464], [-3.2281229870260746, -0.20393660656185342, -0.08481843323135016], [0.6622544727279837, 0.5397061444893425, -0.5856710424716696], [2.983938481816421, 0.47750011877164855, -0.4313451775485784], [-0.6805590929153742, 1.48090682403892, 1.0146319238411416]], "cov": [[[73.82792181096517, -5.791130671855635, 4.215636390048879], [-5.791130671855635, 0.4622915332894914, -0.32496611274532305], [4.215636390048879, -0.32496611274532305, 0.24567693058305787]], [[0.012513843443535125, 0.0010399178588665562, 0.0008402826593196154], [0.0010399178588665562, 0.003324638213013347, 0.001398246223770865], [0.0008402826593196154, 0.001398246223770865, 0.0008052054437158757]], [[0.281446919643852, 0.09156255828845733, -0.061334257951036815], [0.09156255828845733, 0.030834452405022646, -0.01931525752171354], [-0.061334257951036815, -0.01931525752171354, 0.014163935842925733]], [[0.05203406516173478, 0.0041349813881155755, -0.0024696507083127503], [0.0041349813881155755, 0.0012420257883282962, 0.0005980970712182895], [-0.0024696507083127503, 0.0005980970712182895, 0.001182326102290817]], [[1.011469597997015, -0.06212807172895178, 0.04580377204315405], [-0.06212807172895178, 0.005519665455161827, -0.0027405016958393555], [0.04580377204315405, -0.0027405016958393555, 0.006020865877258456]], [[0.2536791633001495, 0.016981150924158243, -0.051587564812877296], [0.016981150924158243, 0.0019940344985572922, -0.0027215877502524675], [-0.051587564812877296, -0.0027215877502524675, 0.011407416156504093]]]}