,X,Y,Z,id,nugget
0,100.0,0.0,-825.0,43713200,1e-05
1,300.0,0.0,-775.7580668140831,43713200,1e-05
2,900.0,0.0,-825.0,43713200,1e-05
3,100.0,0.0,-844.9999999999999,24799887,1e-05
4,300.0,0.0,-790.3746323261599,24799887,1e-05
5,900.0,0.0,-844.9999999999999,24799887,1e-05
