{"weights": [0.5726495726495726, 0.19658119658119658, 0.23076923076923078], "means": [[-2.10986564782867, -0.5226711264259924, 0.03665917747294742, -0.021166210341793924, 0.007736244798508315, -9.229719675469617e-05, -0.007195485478983355, -0.005809892959452425], [4.011761882018353, -2.714219909643017, -0.04618969982214001, 0.06808052618662672, -0.02245132572766789, -0.004302963755825995, -0.009997291420488877, -0.007677668650757628], [1.818165745114764, 3.609111977493736, -0.05162228869549195, -0.005470963310822651, -7.214480606244346e-05, 0.0038945214283913434, 0.026371675176412205, 0.020957378046323825]], "covariances": [[[0.025097668578508158, -0.009657565060386147, 0.008371669148069142, -0.08414395983655822, 0.025455802336542405, -0.024735021292102574, -0.012441792444152961, 0.006025934024293161], [-0.009657565060386147, 0.03680824151568166, -0.01689490954194286, 0.056444841025739566, -0.04328748462745391, 0.0008098121609566694, -0.019415851682022863, -0.0028646487769035268], [0.008371669148069142, -0.01689490954194286, 0.021446177921057182, -0.10209192274284931, 0.034993486252851556, -0.01442161356863106, 0.014499407164124609, -0.006637542901375299], [-0.08414395983655822, 0.056444841025739566, -0.10209192274284931, 0.6643152695282232, -0.1808534778810048, 0.13911361627473312, -0.0030768075712034808, 0.026210355401510784], [0.025455802336542405, -0.04328748462745391, 0.034993486252851556, -0.1808534778810048, 0.08435461239136591, -0.018639847180898127, 0.007200037879781705, -0.014426480127478832], [-0.024735021292102574, 0.0008098121609566694, -0.01442161356863106, 0.13911361627473312, -0.018639847180898127, 0.05458419608211786, 0.002243732055749657, -0.014246470058602391], [-0.012441792444152961, -0.019415851682022863, 0.014499407164124609, -0.0030768075712034808, 0.007200037879781705, 0.002243732055749657, 0.05160197721835408, 0.008143227995476175], [0.006025934024293161, -0.0028646487769035268, -0.006637542901375299, 0.026210355401510784, -0.014426480127478832, -0.014246470058602391, 0.008143227995476175, 0.024997473146324358]], [[0.44203041048897956, 0.11878534215375672, -0.0020779122782666006, -0.2558947070661107, -0.1008985931808758, 0.061678158515187716, -0.051139407299769804, -0.12305366932354239], [0.11878534215375672, 0.17023001536492027, 0.010556100542346524, 0.1089663819560296, 0.2892343886820355, -0.005992970653224279, -0.07075319358762436, -0.059544886866155104], [-0.0020779122782666006, 0.010556100542346524, 0.010328998009626104, -0.04680340613578367, 0.024382495291676753, 0.04147586776806163, -0.015287725863149453, 0.011611998376087628], [-0.2558947070661107, 0.1089663819560296, -0.04680340613578367, 1.0375137017318714, 0.46654271648817536, -0.4033418660612349, 0.06217510067270559, -0.12219822285458903], [-0.1008985931808758, 0.2892343886820355, 0.024382495291676753, 0.46654271648817536, 0.8834450311048893, -0.030630924504015805, -0.17295936579544174, -0.0021602792495487295], [0.061678158515187716, -0.005992970653224279, 0.04147586776806163, -0.4033418660612349, -0.030630924504015805, 0.31668954503573016, -0.09443794525533993, 0.06697310052718584], [-0.051139407299769804, -0.07075319358762436, -0.015287725863149453, 0.06217510067270559, -0.17295936579544174, -0.09443794525533993, 0.08665298784913156, 0.016842946586062627], [-0.12305366932354239, -0.059544886866155104, 0.011611998376087628, -0.12219822285458903, -0.0021602792495487295, 0.06697310052718584, 0.016842946586062627, 0.22079886047794833]], [[0.13765265987004688, -0.10003143080319388, 0.4246362418341019, 0.09325530950521464, 0.14014331005197833, 0.01597979137013386, 0.022981581373472795, 0.04758590384976898], [-0.10003143080319388, 0.18728444437210287, 0.1599938808348029, -0.08318738342412087, -0.18058348767924745, -0.02102882355331104, -0.019174418852774273, -0.043092592291468564], [0.4246362418341019, 0.1599938808348029, 4.899778661861058, 0.29753058028493756, -0.10919683255470233, 0.0004958047639448785, -0.021334561170776655, 0.00788753430168208], [0.09325530950521464, -0.08318738342412087, 0.29753058028493756, 0.12881776611442877, 0.05306727353402446, -0.0013543397399133456, -0.04498279953552694, 0.039309034396387034], [0.14014331005197833, -0.18058348767924745, -0.10919683255470233, 0.05306727353402446, 0.3030536346403035, 0.07226720313359838, 0.12941783197110873, 0.037605490688122876], [0.01597979137013386, -0.02102882355331104, 0.0004958047639448785, -0.0013543397399133456, 0.07226720313359838, 0.04634468374334762, 0.0747383609935743, -0.02180990010067073], [0.022981581373472795, -0.019174418852774273, -0.021334561170776655, -0.04498279953552694, 0.12941783197110873, 0.0747383609935743, 0.1968506006186807, -0.035276768858838445], [0.04758590384976898, -0.043092592291468564, 0.00788753430168208, 0.039309034396387034, 0.037605490688122876, -0.02180990010067073, -0.035276768858838445, 0.04529696404437217]]]}