{"entropy_prior_gmm": 0.0003437283915380285, "entropy_Mean_gmm": 0.007279146462678909, "entropy_z_nk_prior": 0.0012788791422551772, "entropy_Mean_z_nk": 0.0008730649299987872, "entropy_mixing_prior": 88.99072030499339, "entropy_Mean_mixing": 1.7135433600800762}