{"weights": [0.1711407858752695, 0.1677914825895894, 0.3019992353012446, 0.12417051570167861, 0.1543577166329593, 0.08054026389925854], "means": [[8.084423748436393, -0.7450322880408254, 0.3750119369477218], [-4.105033538675698, -0.5217470777178582, 0.18254493853168713], [-3.228124363227506, -0.20393746050699488, -0.08481828234153828], [0.6622448542766887, 0.5397039194444353, -0.5856698155526538], [2.9839390848697294, 0.47750010017304134, -0.43134512782232604], [-0.6805591004344645, 1.4809068252602466, 1.0146319256745093]], "cov": [[[73.82792112513997, -5.791130655049116, 4.2156363808833675], [-5.791130655049116, 0.4622915328187147, -0.3249661124814086], [4.2156363808833675, -0.3249661124814086, 0.2456769304524291]], [[0.012512608573667578, 0.0010398599919579762, 0.0008407603248404757], [0.0010398599919579762, 0.0033246546435455097, 0.0013983066169436658], [0.0008407603248404757, 0.0013983066169436658, 0.0008048993840358811]], [[0.28144904918789404, 0.09156314169441333, -0.061334412508033245], [0.09156314169441333, 0.0308346810989985, -0.01931529528082635], [-0.061334412508033245, -0.01931529528082635, 0.014163930931565488]], [[0.052076938574262696, 0.0041448783955942165, -0.002475112530260864], [0.0041448783955942165, 0.0012443074241229332, 0.0005968353401912272], [-0.002475112530260864, 0.0005968353401912272, 0.0011830197538533736]], [[1.011468685016836, -0.06212805408416545, 0.04580368397337753], [-0.06212805408416545, 0.0055196667347209545, -0.002740498125267981], [0.04580368397337753, -0.002740498125267981, 0.0060208614238783115]], [[0.253679131546989, 0.01698115761335153, -0.051587556706494384], [0.01698115761335153, 0.001994033064657211, -0.002721589467406083], [-0.051587556706494384, -0.002721589467406083, 0.011407414083118973]]]}