{"weights": [0.08715228734476356, 0.19137120258812226, 0.32546127410873393, 0.14433738360938694, 0.08053691275167785, 0.1711409395973154], "means": [[3.805973274863967, 0.4324800686649142, -0.4020448565368047], [1.1036007387080988, 0.5383948457289568, -0.544878753997605], [-3.9153431612613336, -0.4438029808149319, 0.10511210137264738], [-2.6987480483965878, -0.03254181597827431, -0.20226836298526438], [-0.6808779774036895, 1.4809941378876967, 1.0147577476136882], [6.8701383910219835, -0.6477813436909956, 0.30718975297743295]], "covariances": [[[0.16796856230097706, -0.022446050658997834, 0.02685187310896134], [-0.022446050658997834, 0.00407341908671057, -0.002087562185862546], [0.02685187310896134, -0.002087562185862546, 0.007540853606076234]], [[0.42447288442276315, 0.00020480998524479552, 0.031410795205929015], [0.00020480998524479528, 0.001374927600927397, 0.0004034344654821828], [0.031410795205929015, 0.0004034344654821828, 0.004458623644372445]], [[0.04330752007023685, 0.018523310251373364, -0.01555108700434313], [0.018523310251373364, 0.009946980259419072, -0.005500565956126898], [-0.01555108700434313, -0.005500565956126898, 0.007116202656633908]], [[0.043492289398657194, 0.013123250307802932, -0.008799257445071448], [0.013123250307802935, 0.004527625964528677, -0.0022669110717784082], [-0.008799257445071446, -0.0022669110717784082, 0.002784487091707204]], [[0.2525445433544262, 0.017308034355563138, -0.05113490266128517], [0.017308034355563138, 0.002006108474318422, -0.002847849969262223], [-0.05113490266128517, -0.002847849969262223, 0.011325932114557869]], [[0.0006190214843052821, 0.00044804839199938276, 0.000877625223391613], [0.00044804839199938276, 0.008223673364211424, 0.005837306932149635], [0.000877625223391613, 0.005837306932149635, 0.005264692322936354]]]}