,X,Y,Z,id,nugget
0,100.0,0.0,-825.0,67780206,1e-05
1,300.0,0.0,-827.3504714239058,67780206,1e-05
2,900.0,0.0,-825.0,67780206,1e-05
3,100.0,0.0,-844.9999999999999,89848119,1e-05
4,300.0,0.0,-842.5337003035083,89848119,1e-05
5,900.0,0.0,-844.9999999999999,89848119,1e-05
