,X,Y,Z,id,nugget
0,100.0,0.0,-825.0,67780206,1e-05
1,300.0,0.0,-825.2889236124499,67780206,1e-05
2,900.0,0.0,-825.0,67780206,1e-05
3,100.0,0.0,-844.9999999999999,89848119,1e-05
4,300.0,0.0,-840.4799767578928,89848119,1e-05
5,900.0,0.0,-844.9999999999999,89848119,1e-05
