{"weights": [0.08722023950256723, 0.16778523489932892, 0.2046795048315857, 0.21143748614251198, 0.3255218299260197, 0.0033557046979865858], "means": [[3.805508617430924, 0.43254832943753085, -0.4020887627375102], [6.869860668836485, -0.6497140708030565, 0.3056460631714467], [-2.1822007800399335, 0.4084636094708364, 0.1732791651096519], [1.0096220937734621, 0.6336948967353468, -0.4123052556104218], [-3.9152504613711403, -0.44376761578537405, 0.1050855123699233], [68.84024500296827, -5.511449880879424, 3.843742432767456]], "covariances": [[[0.1680242019502116, -0.0224695201136935, 0.026858723381029376], [-0.022469520113693492, 0.0039773191693032745, -0.002089916256846893], [0.026858723381029376, -0.002089916256846893, 0.00743878202586789]], [[0.0005264683037632016, 0.0004296345387652692, 0.0008733131656203796], [0.0004296345387652692, 0.008096639692921173, 0.005801892982619892], [0.0008733131656203796, 0.005801892982619892, 0.005147454280322684]], [[0.6717552450025132, 0.5537187360374858, 0.4565114810277778], [0.5537187360374858, 0.4677042041047905, 0.3940528778554071], [0.4565114810277778, 0.3940528778554071, 0.3391536413373945]], [[0.47461735665443217, -0.08436012222694299, -0.09101842771600252], [-0.08436012222694299, 0.08749452819784469, 0.12052169162322175], [-0.09101842771600252, 0.12052169162322175, 0.17148434865404305]], [[0.04325089549513343, 0.018538789806465804, -0.01556252924927697], [0.0185387898064658, 0.009853300680534234, -0.005504913424975545], [-0.01556252924927697, -0.005504913424975545, 0.0070199941197960965]], [[1e-06, -1.9437532704645688e-27, 1.3189754335295289e-27], [-1.9437532704645688e-27, 1e-06, -1.0491850039439435e-28], [1.3189754335295289e-27, -1.0491850039439435e-28, 1e-06]]]}