,X,Y,Z,id,nugget
0,100.0,0.0,-825.0,17113218,1e-05
1,300.0,0.0,-827.338552579545,17113218,1e-05
2,900.0,0.0,-825.0,17113218,1e-05
3,100.0,0.0,-844.9999999999999,94728680,1e-05
4,300.0,0.0,-843.1253888076993,94728680,1e-05
5,900.0,0.0,-844.9999999999999,94728680,1e-05
