{"MAP index": 1233, "entropy_prior_gmm": 4.6051701859880925e-09, "entropy_MAP_gmm": 0.0020957665983587503, "entropy_z_nk_prior": 0.08030568835588352, "entropy_MAP_z_nk": 0.08968983463477542, "entropy_mixing_prior": 85.69175851611257, "entropy_MAP_mixing": 1.0266158831134156}