{"weights": [0.5071069051536633, 0.29094184367443365, 0.20195125117190313], "means": [[-2.236252966480815, -0.5609541771952564, 0.06412230714883008, -0.24334590216364013, 0.042405360180841394, -0.07878369356272398, -0.011160751309866226, 0.004068639379760996], [2.403426715949908, -1.5767693569953627, 0.27808008594062145, 0.3819344244577917, -0.06096602619504655, 0.09469948989848542, 0.019923024057658036, 0.002306168123824107], [1.7689451398995082, 3.590518563804749, -0.5411953192706733, -0.05713304987165343, -0.014389140873812867, -0.0016624425795950287, 0.02223257751051424, 0.005931804367385644]], "cov": [[[2.7545659601074344, 0.6197620102145484, -0.14697021311813036, 0.8467837657411554, -0.007815124434300246, 0.47690890991008633, -0.19327837620535454, -0.1503871648581295], [0.6197620102145484, 0.17832545919214302, -0.051923002142113484, 0.26759498482872035, -0.04282104631140382, 0.11921252819944936, -0.06216344045310923, -0.04062831220577221], [-0.14697021311813036, -0.051923002142113484, 0.027847079084233804, -0.13309316572251184, 0.03283194888513165, -0.03611552871912538, 0.02651660814046995, 0.002173744059992591], [0.8467837657411554, 0.26759498482872035, -0.13309316572251184, 0.7638743652691, -0.1579076678858027, 0.23573408749081273, -0.08169646929751134, -0.020934141300792398], [-0.007815124434300246, -0.04282104631140382, 0.03283194888513165, -0.1579076678858027, 0.07070208847061839, -0.01765900538448865, 0.012217880925182126, -0.012481224517454202], [0.47690890991008633, 0.11921252819944936, -0.03611552871912538, 0.23573408749081273, -0.01765900538448865, 0.11851886480200778, -0.03724583739895803, -0.0398606356102964], [-0.19327837620535454, -0.06216344045310923, 0.02651660814046995, -0.08169646929751134, 0.012217880925182126, -0.03724583739895803, 0.06278716596715214, 0.020030550129211084], [-0.1503871648581295, -0.04062831220577221, 0.002173744059992591, -0.020934141300792398, -0.012481224517454202, -0.0398606356102964, 0.020030550129211084, 0.03357593257677871]], [[7.081367338153976, -2.432055339568571, -0.009748504965996016, -1.4925194323488733, 0.21544016094957583, -0.39568002862592017, -0.1429870774735311, -0.04435820135426513], [-2.432055339568571, 3.9896594211596494, 1.7379865237652425, 0.5131946446868455, 0.12299498989703608, 0.09777635479382348, -0.008570754029130212, -0.015246596021571317], [-0.009748504965996016, 1.7379865237652425, 1.105752312174345, -0.06135121189866128, 0.04860217760357023, -0.0005898761386202387, -0.003589750367566136, 0.02312844711394019], [-1.4925194323488733, 0.5131946446868455, -0.06135121189866128, 1.0269044852359042, 0.2982379562922565, -0.17178792884885885, 0.06411357631999773, -0.06166951768392479], [0.21544016094957583, 0.12299498989703608, 0.04860217760357023, 0.2982379562922565, 0.7137359996775465, -0.012332889966707002, -0.10515820716595992, 0.027996691408366046], [-0.39568002862592017, 0.09777635479382348, -0.0005898761386202387, -0.17178792884885885, -0.012332889966707002, 0.25682964201645186, -0.05579726614290541, 0.0396969244779574], [-0.1429870774735311, -0.008570754029130212, -0.003589750367566136, 0.06411357631999773, -0.10515820716595992, -0.05579726614290541, 0.07917942202221716, 0.014085167686549022], [-0.04435820135426513, -0.015246596021571317, 0.02312844711394019, -0.06166951768392479, 0.027996691408366046, 0.0396969244779574, 0.014085167686549022, 0.16437069492989023]], [[0.1083509365995935, -0.10694744138010627, 0.2845778158980941, 0.05108766677119263, 0.08943960016012328, 0.003302124314217174, 0.012408162429652248, 0.014214735296365815], [-0.10694744138010627, 0.31859300852472094, 0.18591939175669714, -0.07067171534320746, -0.11882328771467301, -0.003608975620749716, -0.0004572276320506511, 0.012851333286306978], [0.2845778158980941, 0.18591939175669714, 3.624837874112993, 0.1386256910120757, -0.13762262589112156, -0.009047592572569372, -0.02852453718017345, -0.01416589087249213], [0.05108766677119263, -0.07067171534320746, 0.1386256910120757, 0.09003908633303453, -0.0035404235022156723, -0.01518586765402348, -0.059805945886101594, 0.010323690602435395], [0.08943960016012328, -0.11882328771467301, -0.13762262589112156, -0.0035404235022156723, 0.23080157492947734, 0.06327130454589007, 0.12971386872803034, -0.004345831622889949], [0.003302124314217174, -0.003608975620749716, -0.009047592572569372, -0.01518586765402348, 0.06327130454589007, 0.0491216423372423, 0.08557628277696976, -0.02751672896794999], [0.012408162429652248, -0.0004572276320506511, -0.02852453718017345, -0.059805945886101594, 0.12971386872803034, 0.08557628277696976, 0.21335957890535473, -0.044909317501021916], [0.014214735296365815, 0.012851333286306978, -0.01416589087249213, 0.010323690602435395, -0.004345831622889949, -0.02751672896794999, -0.044909317501021916, 0.03843106489124221]]]}