{"accuracy_init": 0.7307692170143127, "accuracy_final_MAP": 0.688034176826477, "accuracy_final_mean": 0.688034176826477}