{"weights": [0.5683760683760684, 0.004273504273504283, 0.42735042735042733], "means": [[-2.110574771813397, -0.5230622077609087, 0.03612804294307065, -0.01666885787761022, 0.007626178779380892, 0.0023966443505827797, -0.008154043622733906, -0.00662226367592707], [-20.155521578599082, -4.706573088821289, 1.0730006994655712, -6.193140880782236, 0.2237502534245763, -3.311215229926356, 1.202927476398393, 1.0223541233167501], [2.8272199680904144, 0.7003793094108297, -0.04912329781374997, 0.02836272185800408, -0.010366568030000944, 0.00012367824365136385, 0.009641950541837703, 0.007785256565666355]], "covariances": [[[0.02511923815918938, -0.009767339902229027, 0.008384144237491849, -0.08434927100169588, 0.02563674058574665, -0.024684493163997165, -0.012626424456208712, 0.00599404820993322], [-0.009767339902229027, 0.03696474875377938, -0.017049772988324278, 0.057104921627792765, -0.04361872243528524, 0.0009463337043003571, -0.019612068671848802, -0.002928759694760763], [0.008384144237491849, -0.017049772988324278, 0.021469873578308124, -0.10253944549349982, 0.03524876155036042, -0.014352903738340406, 0.014540202737011558, -0.0067452673095494], [-0.08434927100169588, 0.057104921627792765, -0.10253944549349982, 0.6665000612880407, -0.182146947705142, 0.13865963456264174, -0.0025222709695150868, 0.02689699708031364], [0.02563674058574665, -0.04361872243528524, 0.03524876155036042, -0.182146947705142, 0.08488748237078884, -0.018743287390836024, 0.007240035875953994, -0.014546931433923037], [-0.024684493163997165, 0.0009463337043003571, -0.014352903738340406, 0.13865963456264174, -0.018743287390836024, 0.054064744468265466, 0.0025802987769779576, -0.014082645982270558], [-0.012626424456208712, -0.019612068671848802, 0.014540202737011558, -0.0025222709695150868, 0.007240035875953994, 0.0025802987769779576, 0.051767086411966895, 0.0081001088617908], [0.00599404820993322, -0.002928759694760763, -0.0067452673095494, 0.02689699708031364, -0.014546931433923037, -0.014082645982270558, 0.0081001088617908, 0.02499723940428527]], [[1e-06, 4.922492048579103e-28, -1.1280710944660444e-28, 6.153115060723879e-28, -2.3074181477714545e-29, 3.4867652010768646e-28, -1.2306230121447757e-28, -1.025519176787313e-28], [4.922492048579103e-28, 1e-06, -2.6032409872293334e-29, 1.419949629397818e-28, -5.324811110241818e-30, 8.046381233254302e-29, -2.8398992587956363e-29, -2.36658271566303e-29], [-1.1280710944660444e-28, -2.6032409872293334e-29, 1e-06, -3.2540512340366664e-29, 1.22026921276375e-30, -1.843962365954111e-29, 6.508102468073333e-30, 5.423418723394444e-30], [6.153115060723879e-28, 1.419949629397818e-28, -3.2540512340366664e-29, 1e-06, -6.656013887802272e-30, 1.0057976541567878e-28, -3.549874073494545e-29, -2.9582283945787875e-29], [-2.3074181477714545e-29, -5.324811110241818e-30, 1.22026921276375e-30, -6.656013887802272e-30, 1e-06, -3.771741203087954e-30, 1.3312027775604544e-30, 1.1093356479670454e-30], [3.4867652010768646e-28, 8.046381233254302e-29, -1.843962365954111e-29, 1.0057976541567878e-28, -3.771741203087954e-30, 1e-06, -2.0115953083135756e-29, -1.6763294235946464e-29], [-1.2306230121447757e-28, -2.8398992587956363e-29, 6.508102468073333e-30, -3.549874073494545e-29, 1.3312027775604544e-30, -2.0115953083135756e-29, 1e-06, 5.916456789157575e-30], [-1.025519176787313e-28, -2.36658271566303e-29, 5.423418723394444e-30, -2.9582283945787875e-29, 1.1093356479670454e-30, -1.6763294235946464e-29, 5.916456789157575e-30, 1e-06]], [[1.4728344456954023, -3.444891476998642, 0.23130789038435928, -0.027276279932477797, 0.01706985877639707, 0.03253431845368458, -0.030931133454345092, -0.04651122979914364], [-3.444891476998642, 10.111496703901096, 0.08271944958705518, -0.11032512630444102, 0.07068406494801305, -0.0012364130254835484, 0.014224649441398698, -0.005683132074688989], [0.23130789038435928, 0.08271944958705518, 2.6505401475240293, 0.13923620096226583, -0.047780541444662525, 0.019335571607845145, -0.018602095215856318, 0.00956214606678774], [-0.027276279932477797, -0.11032512630444102, 0.13923620096226583, 0.5480626961857044, 0.2428571054056494, -0.18641837145948675, 0.0036453666307522505, -0.03550747168262356], [0.01706985877639707, 0.07068406494801305, -0.047780541444662525, 0.2428571054056494, 0.5700590826243115, 0.02497963414649935, -0.009473504332946948, 0.019472418413251917], [0.03253431845368458, -0.0012364130254835484, 0.019335571607845145, -0.18641837145948675, 0.02497963414649935, 0.1706210121106586, -0.003008683379219128, 0.019088588454311793], [-0.030931133454345092, 0.014224649441398698, -0.018602095215856318, 0.0036453666307522505, -0.009473504332946948, -0.003008683379219128, 0.14638925785474968, -0.011043009273268161], [-0.04651122979914364, -0.005683132074688989, 0.00956214606678774, -0.03550747168262356, 0.019472418413251917, 0.019088588454311793, -0.011043009273268161, 0.12613251593321417]]]}