,X,Y,Z,id,nugget
0,100.0,0.0,-825.0,43713200,1e-05
1,300.0,0.0,-777.9269558393135,43713200,1e-05
2,900.0,0.0,-825.0,43713200,1e-05
3,100.0,0.0,-844.9999999999999,24799887,1e-05
4,300.0,0.0,-792.3139536780668,24799887,1e-05
5,900.0,0.0,-844.9999999999999,24799887,1e-05
